epoch,train_loss,test_psnr
1,0.060289203199936865,21.7228936958313
2,0.053065593945776104,21.84330111503601
